,UserId,RegistrationDate,Country,UserOrigin,SubscriptionPlan
0,0,2021-08-17,NG,Organic,Advanced Pack
1,1,2021-10-10,AU,Organic,Economy Pack
2,2,2021-07-02,AU,Organic,Advanced Pack
3,3,2021-06-20,AU,Organic,Advanced Pack
4,4,2021-10-21,AU,Organic,Advanced Pack
5,5,2021-08-18,NG,Organic,Advanced Pack
6,6,2021-07-10,NG,Ads,Economy Pack
7,7,2021-09-24,UG,Organic,Economy Pack
8,8,2021-06-20,AU,Organic,Advanced Pack
9,9,2021-08-30,AU,Ads,Advanced Pack
10,10,2021-12-29,NG,Ads,Advanced Pack
11,11,2021-03-06,AU,Ads,Advanced Pack
12,12,2021-04-29,UG,Ads,Economy Pack
13,13,2021-08-10,US,Organic,Advanced Pack
14,14,2021-03-09,UG,Ads,Advanced Pack
15,15,2021-06-15,AU,Ads,Economy Pack
16,16,2021-07-25,KE,Organic,Economy Pack
17,17,2021-08-26,AU,Organic,Advanced Pack
18,18,2021-01-03,KE,Organic,Economy Pack
19,19,2021-12-14,NG,Ads,Economy Pack
20,20,2021-05-20,KE,Organic,Advanced Pack
21,21,2021-07-05,AU,Ads,Economy Pack
22,22,2021-02-26,UG,Ads,Economy Pack
23,23,2021-11-25,US,Ads,Advanced Pack
24,24,2021-03-24,KE,Organic,Economy Pack
25,25,2021-09-25,NG,Organic,Economy Pack
26,26,2021-09-02,US,Ads,Advanced Pack
27,27,2021-06-12,KE,Organic,Advanced Pack
28,28,2021-10-28,AU,Ads,Advanced Pack
29,29,2021-07-31,US,Ads,Advanced Pack
30,30,2021-05-19,NG,Organic,Economy Pack
31,31,2021-12-14,AU,Organic,Advanced Pack
32,32,2021-08-22,AU,Organic,Advanced Pack
33,33,2021-04-19,AU,Ads,Advanced Pack
34,34,2021-08-31,AU,Ads,Economy Pack
35,35,2021-12-24,AU,Organic,Advanced Pack
36,36,2021-01-24,AU,Organic,Advanced Pack
37,37,2021-01-25,KE,Organic,Economy Pack
38,38,2021-10-04,UG,Organic,Economy Pack
39,39,2021-10-05,KE,Ads,Economy Pack
40,40,2021-09-08,NG,Organic,Economy Pack
41,41,2021-12-27,KE,Organic,Advanced Pack
42,42,2021-08-25,US,Organic,Economy Pack
43,43,2021-06-06,US,Organic,Advanced Pack
44,44,2021-09-02,US,Ads,Economy Pack
45,45,2021-04-10,KE,Organic,Economy Pack
46,46,2021-08-30,US,Ads,Advanced Pack
47,47,2021-07-03,UG,Ads,Advanced Pack
48,48,2021-09-02,AU,Ads,Advanced Pack
49,49,2021-02-20,NG,Organic,Advanced Pack
50,50,2021-04-05,KE,Organic,Advanced Pack
51,51,2021-06-27,KE,Ads,Economy Pack
52,52,2021-03-06,UG,Organic,Economy Pack
53,53,2021-11-15,NG,Organic,Economy Pack
54,54,2021-01-30,AU,Organic,Economy Pack
55,55,2021-02-12,NG,Ads,Economy Pack
56,56,2021-11-04,US,Ads,Economy Pack
57,57,2021-03-13,AU,Ads,Advanced Pack
58,58,2021-11-28,KE,Ads,Economy Pack
59,59,2021-01-31,UG,Ads,Advanced Pack
60,60,2021-03-26,KE,Organic,Economy Pack
61,61,2021-05-08,UG,Organic,Advanced Pack
62,62,2021-02-22,NG,Ads,Economy Pack
63,63,2021-11-01,UG,Ads,Economy Pack
64,64,2021-05-14,KE,Organic,Advanced Pack
65,65,2021-07-18,US,Ads,Advanced Pack
66,66,2021-09-24,US,Ads,Economy Pack
67,67,2021-01-11,AU,Ads,Economy Pack
68,68,2021-07-09,UG,Ads,Advanced Pack
69,69,2021-08-27,US,Ads,Advanced Pack
70,70,2021-12-26,UG,Organic,Advanced Pack
71,71,2021-02-05,UG,Organic,Economy Pack
72,72,2021-01-02,NG,Ads,Advanced Pack
73,73,2021-02-03,AU,Organic,Economy Pack
74,74,2021-01-20,US,Ads,Advanced Pack
75,75,2021-01-08,AU,Ads,Advanced Pack
76,76,2021-05-22,US,Organic,Advanced Pack
77,77,2021-04-01,AU,Organic,Economy Pack
78,78,2021-01-31,US,Ads,Economy Pack
79,79,2021-02-01,US,Organic,Advanced Pack
80,80,2021-11-14,US,Organic,Economy Pack
81,81,2021-07-13,UG,Ads,Advanced Pack
82,82,2021-01-06,NG,Organic,Economy Pack
83,83,2021-03-04,KE,Organic,Advanced Pack
84,84,2021-03-22,KE,Ads,Advanced Pack
85,85,2021-09-28,NG,Organic,Advanced Pack
86,86,2021-03-20,AU,Ads,Advanced Pack
87,87,2021-03-18,US,Ads,Advanced Pack
88,88,2021-05-17,US,Ads,Economy Pack
89,89,2021-11-06,US,Ads,Economy Pack
90,90,2021-08-14,AU,Ads,Advanced Pack
91,91,2021-06-11,AU,Ads,Economy Pack
92,92,2021-08-03,NG,Ads,Advanced Pack
93,93,2021-02-05,AU,Ads,Advanced Pack
94,94,2021-10-26,NG,Ads,Economy Pack
95,95,2021-03-31,UG,Organic,Advanced Pack
96,96,2021-07-06,US,Organic,Economy Pack
97,97,2021-07-16,NG,Organic,Advanced Pack
98,98,2021-05-29,NG,Organic,Advanced Pack
99,99,2021-07-31,NG,Ads,Advanced Pack
100,100,2021-02-26,NG,Ads,Advanced Pack
101,101,2021-06-03,NG,Organic,Advanced Pack
102,102,2021-05-04,NG,Organic,Advanced Pack
103,103,2021-01-28,US,Ads,Economy Pack
104,104,2021-04-02,US,Organic,Advanced Pack
105,105,2021-03-21,KE,Ads,Advanced Pack
106,106,2021-01-15,KE,Ads,Economy Pack
107,107,2021-08-06,NG,Organic,Economy Pack
108,108,2021-03-16,US,Ads,Economy Pack
109,109,2021-01-04,NG,Ads,Economy Pack
110,110,2021-04-29,NG,Ads,Economy Pack
111,111,2021-04-17,KE,Organic,Economy Pack
112,112,2021-05-30,US,Ads,Advanced Pack
113,113,2021-11-11,UG,Ads,Advanced Pack
114,114,2021-03-10,AU,Ads,Economy Pack
115,115,2021-11-15,NG,Organic,Economy Pack
116,116,2021-03-08,AU,Ads,Advanced Pack
117,117,2021-11-26,AU,Organic,Economy Pack
118,118,2021-11-02,US,Organic,Advanced Pack
119,119,2021-05-24,NG,Ads,Economy Pack
120,120,2021-11-24,KE,Ads,Advanced Pack
121,121,2021-08-08,KE,Organic,Advanced Pack
122,122,2021-05-13,US,Ads,Advanced Pack
123,123,2021-10-29,KE,Organic,Advanced Pack
124,124,2021-01-28,NG,Organic,Economy Pack
125,125,2021-07-27,KE,Ads,Economy Pack
126,126,2021-07-26,AU,Organic,Economy Pack
127,127,2021-05-07,AU,Ads,Economy Pack
128,128,2021-09-25,UG,Organic,Advanced Pack
129,129,2021-03-14,KE,Ads,Advanced Pack
130,130,2021-01-25,KE,Ads,Advanced Pack
131,131,2021-02-27,KE,Ads,Economy Pack
132,132,2021-08-19,UG,Organic,Economy Pack
133,133,2021-05-02,KE,Organic,Economy Pack
134,134,2021-05-27,AU,Organic,Economy Pack
135,135,2021-05-16,UG,Ads,Advanced Pack
136,136,2021-05-24,KE,Organic,Advanced Pack
137,137,2021-06-26,US,Ads,Economy Pack
138,138,2021-07-03,KE,Ads,Economy Pack
139,139,2021-08-22,US,Organic,Economy Pack
140,140,2021-06-11,KE,Ads,Economy Pack
141,141,2021-11-24,KE,Organic,Economy Pack
142,142,2021-02-09,KE,Organic,Economy Pack
143,143,2021-08-01,KE,Organic,Advanced Pack
144,144,2021-05-19,US,Organic,Advanced Pack
145,145,2021-06-02,UG,Ads,Advanced Pack
146,146,2021-12-18,NG,Organic,Economy Pack
147,147,2021-07-27,KE,Ads,Economy Pack
148,148,2021-02-01,KE,Organic,Advanced Pack
149,149,2021-04-17,NG,Ads,Economy Pack
150,150,2021-04-09,US,Organic,Economy Pack
151,151,2021-01-27,NG,Ads,Advanced Pack
152,152,2021-04-17,UG,Organic,Advanced Pack
153,153,2021-04-11,AU,Organic,Advanced Pack
154,154,2021-10-13,KE,Organic,Economy Pack
155,155,2021-06-10,AU,Organic,Advanced Pack
156,156,2021-09-21,NG,Ads,Economy Pack
157,157,2021-04-19,KE,Ads,Economy Pack
158,158,2021-04-03,KE,Organic,Economy Pack
159,159,2021-10-18,US,Organic,Economy Pack
160,160,2021-05-01,NG,Organic,Advanced Pack
161,161,2021-04-23,AU,Ads,Advanced Pack
162,162,2021-03-16,AU,Organic,Advanced Pack
163,163,2021-08-29,NG,Organic,Advanced Pack
164,164,2021-12-10,AU,Organic,Economy Pack
165,165,2021-07-21,UG,Ads,Advanced Pack
166,166,2021-05-30,KE,Ads,Advanced Pack
167,167,2021-08-11,NG,Ads,Advanced Pack
168,168,2021-01-11,AU,Organic,Economy Pack
169,169,2021-02-18,UG,Ads,Advanced Pack
170,170,2021-11-08,NG,Ads,Advanced Pack
171,171,2021-06-18,AU,Organic,Economy Pack
172,172,2021-07-16,KE,Ads,Advanced Pack
173,173,2021-10-31,NG,Ads,Economy Pack
174,174,2021-06-17,NG,Ads,Economy Pack
175,175,2021-02-06,US,Ads,Economy Pack
176,176,2021-02-17,AU,Ads,Economy Pack
177,177,2021-09-23,AU,Organic,Economy Pack
178,178,2021-07-06,US,Ads,Economy Pack
179,179,2021-10-12,KE,Ads,Economy Pack
180,180,2021-03-28,KE,Ads,Economy Pack
181,181,2021-01-29,UG,Organic,Advanced Pack
182,182,2021-04-21,NG,Ads,Economy Pack
183,183,2021-09-17,AU,Organic,Advanced Pack
184,184,2021-11-12,US,Organic,Advanced Pack
185,185,2021-11-03,KE,Organic,Advanced Pack
186,186,2021-07-14,AU,Ads,Advanced Pack
187,187,2021-12-06,AU,Organic,Economy Pack
188,188,2021-04-06,US,Ads,Advanced Pack
189,189,2021-03-28,US,Organic,Advanced Pack
190,190,2021-05-01,NG,Organic,Advanced Pack
191,191,2021-06-02,AU,Organic,Advanced Pack
192,192,2021-10-23,US,Ads,Advanced Pack
193,193,2021-10-06,UG,Ads,Economy Pack
194,194,2021-10-18,KE,Ads,Advanced Pack
195,195,2021-01-30,KE,Organic,Economy Pack
196,196,2021-09-21,KE,Ads,Advanced Pack
197,197,2021-01-08,AU,Organic,Economy Pack
198,198,2021-01-13,US,Ads,Economy Pack
199,199,2021-05-13,UG,Organic,Economy Pack
200,200,2021-10-08,KE,Organic,Economy Pack
201,201,2021-04-02,UG,Ads,Economy Pack
202,202,2021-05-25,AU,Ads,Advanced Pack
203,203,2021-12-01,UG,Ads,Advanced Pack
204,204,2021-01-18,US,Organic,Economy Pack
205,205,2021-12-15,AU,Organic,Advanced Pack
206,206,2021-06-27,AU,Organic,Economy Pack
207,207,2021-01-30,US,Ads,Advanced Pack
208,208,2021-03-11,NG,Ads,Economy Pack
209,209,2021-05-02,UG,Ads,Economy Pack
210,210,2021-03-23,AU,Ads,Economy Pack
211,211,2021-02-20,NG,Ads,Economy Pack
212,212,2021-08-10,KE,Organic,Economy Pack
213,213,2021-07-17,US,Ads,Advanced Pack
214,214,2021-04-15,UG,Organic,Economy Pack
215,215,2021-05-10,NG,Ads,Advanced Pack
216,216,2021-11-25,AU,Ads,Advanced Pack
217,217,2021-07-20,AU,Ads,Economy Pack
218,218,2021-01-29,US,Organic,Economy Pack
219,219,2021-11-17,KE,Ads,Economy Pack
220,220,2021-01-15,AU,Ads,Economy Pack
221,221,2021-11-08,KE,Ads,Advanced Pack
222,222,2021-01-18,US,Organic,Economy Pack
223,223,2021-09-16,AU,Organic,Economy Pack
224,224,2021-05-30,NG,Ads,Advanced Pack
225,225,2021-10-10,NG,Ads,Advanced Pack
226,226,2021-03-11,AU,Ads,Economy Pack
227,227,2021-08-26,UG,Ads,Economy Pack
228,228,2021-12-02,US,Organic,Advanced Pack
229,229,2021-08-02,NG,Organic,Advanced Pack
230,230,2021-05-27,UG,Organic,Economy Pack
231,231,2021-03-08,US,Ads,Economy Pack
232,232,2021-12-17,KE,Organic,Advanced Pack
233,233,2021-05-07,AU,Organic,Advanced Pack
234,234,2021-03-17,US,Organic,Economy Pack
235,235,2021-03-01,US,Organic,Economy Pack
236,236,2021-09-18,US,Organic,Economy Pack
237,237,2021-03-02,KE,Organic,Economy Pack
238,238,2021-07-06,KE,Ads,Economy Pack
239,239,2021-06-06,NG,Ads,Economy Pack
240,240,2021-07-20,NG,Ads,Economy Pack
241,241,2021-07-04,NG,Organic,Economy Pack
242,242,2021-01-16,US,Ads,Advanced Pack
243,243,2021-10-12,KE,Ads,Economy Pack
244,244,2021-03-24,KE,Organic,Advanced Pack
245,245,2021-12-07,UG,Ads,Economy Pack
246,246,2021-04-18,UG,Ads,Economy Pack
247,247,2021-03-25,KE,Ads,Economy Pack
248,248,2021-05-04,US,Organic,Advanced Pack
249,249,2021-08-21,UG,Ads,Economy Pack
250,250,2021-12-11,UG,Organic,Economy Pack
251,251,2021-03-02,NG,Organic,Economy Pack
252,252,2021-04-27,KE,Ads,Economy Pack
253,253,2021-03-29,KE,Ads,Economy Pack
254,254,2021-12-06,KE,Ads,Advanced Pack
255,255,2021-05-04,UG,Organic,Economy Pack
256,256,2021-07-17,UG,Ads,Advanced Pack
257,257,2021-01-27,KE,Ads,Economy Pack
258,258,2021-11-04,KE,Ads,Economy Pack
259,259,2021-08-09,KE,Organic,Economy Pack
260,260,2021-02-02,KE,Organic,Advanced Pack
261,261,2021-05-05,US,Organic,Advanced Pack
262,262,2021-06-25,US,Ads,Advanced Pack
263,263,2021-02-18,US,Organic,Economy Pack
264,264,2021-08-30,NG,Ads,Advanced Pack
265,265,2021-09-21,US,Ads,Advanced Pack
266,266,2021-04-13,AU,Ads,Advanced Pack
267,267,2021-12-01,NG,Organic,Economy Pack
268,268,2021-05-25,UG,Organic,Advanced Pack
269,269,2021-11-23,UG,Ads,Economy Pack
270,270,2021-11-14,NG,Organic,Advanced Pack
271,271,2021-07-04,UG,Organic,Economy Pack
272,272,2021-10-21,AU,Ads,Advanced Pack
273,273,2021-08-01,UG,Organic,Advanced Pack
274,274,2021-05-06,UG,Ads,Advanced Pack
275,275,2021-11-03,US,Ads,Economy Pack
276,276,2021-08-16,KE,Ads,Economy Pack
277,277,2021-12-07,UG,Organic,Advanced Pack
278,278,2021-02-14,KE,Organic,Advanced Pack
279,279,2021-01-30,NG,Organic,Advanced Pack
280,280,2021-10-26,UG,Ads,Advanced Pack
281,281,2021-05-20,KE,Organic,Economy Pack
282,282,2021-05-04,NG,Organic,Economy Pack
283,283,2021-08-04,NG,Organic,Economy Pack
284,284,2021-05-06,KE,Organic,Advanced Pack
285,285,2021-05-14,NG,Ads,Economy Pack
286,286,2021-05-16,US,Organic,Advanced Pack
287,287,2021-10-29,NG,Ads,Economy Pack
288,288,2021-12-10,US,Organic,Advanced Pack
289,289,2021-11-16,AU,Ads,Economy Pack
290,290,2021-05-19,KE,Organic,Advanced Pack
291,291,2021-04-16,US,Organic,Economy Pack
292,292,2021-01-24,NG,Ads,Advanced Pack
293,293,2021-04-27,US,Organic,Economy Pack
294,294,2021-04-27,NG,Organic,Advanced Pack
295,295,2021-05-02,AU,Ads,Advanced Pack
296,296,2021-03-03,KE,Organic,Economy Pack
297,297,2021-05-03,US,Organic,Advanced Pack
298,298,2021-06-30,UG,Organic,Advanced Pack
299,299,2021-05-27,UG,Ads,Advanced Pack
300,300,2021-01-17,AU,Organic,Economy Pack
301,301,2021-03-19,KE,Organic,Economy Pack
302,302,2021-02-18,US,Ads,Economy Pack
303,303,2021-05-14,AU,Organic,Advanced Pack
304,304,2021-06-25,AU,Organic,Economy Pack
305,305,2021-07-18,AU,Ads,Economy Pack
306,306,2021-04-09,US,Organic,Advanced Pack
307,307,2021-11-10,AU,Organic,Advanced Pack
308,308,2021-01-28,UG,Ads,Economy Pack
309,309,2021-07-27,KE,Organic,Advanced Pack
310,310,2021-10-04,US,Organic,Economy Pack
311,311,2021-02-28,US,Ads,Advanced Pack
312,312,2021-01-29,AU,Ads,Economy Pack
313,313,2021-07-13,AU,Organic,Economy Pack
314,314,2021-11-06,US,Ads,Advanced Pack
315,315,2021-05-25,UG,Ads,Economy Pack
316,316,2021-01-30,AU,Ads,Advanced Pack
317,317,2021-03-04,UG,Ads,Advanced Pack
318,318,2021-04-11,UG,Ads,Advanced Pack
319,319,2021-09-08,US,Organic,Advanced Pack
320,320,2021-11-29,UG,Ads,Advanced Pack
321,321,2021-03-27,US,Ads,Economy Pack
322,322,2021-02-05,UG,Ads,Economy Pack
323,323,2021-04-29,US,Ads,Advanced Pack
324,324,2021-04-25,AU,Organic,Advanced Pack
325,325,2021-05-29,UG,Organic,Advanced Pack
326,326,2021-06-07,UG,Organic,Economy Pack
327,327,2021-06-13,UG,Ads,Economy Pack
328,328,2021-04-12,NG,Organic,Economy Pack
329,329,2021-07-11,UG,Ads,Economy Pack
330,330,2021-12-06,UG,Organic,Advanced Pack
331,331,2021-04-30,NG,Ads,Economy Pack
332,332,2021-05-05,US,Ads,Advanced Pack
333,333,2021-03-16,NG,Ads,Economy Pack
334,334,2021-05-13,KE,Ads,Advanced Pack
335,335,2021-07-20,NG,Ads,Economy Pack
336,336,2021-08-02,AU,Ads,Economy Pack
337,337,2021-03-24,US,Organic,Economy Pack
338,338,2021-07-03,KE,Organic,Economy Pack
339,339,2021-11-10,UG,Ads,Advanced Pack
340,340,2021-11-21,UG,Ads,Economy Pack
341,341,2021-08-05,US,Organic,Advanced Pack
342,342,2021-12-06,US,Organic,Economy Pack
343,343,2021-08-23,US,Organic,Economy Pack
344,344,2021-01-10,AU,Organic,Economy Pack
345,345,2021-09-23,UG,Ads,Advanced Pack
346,346,2021-12-24,UG,Organic,Advanced Pack
347,347,2021-03-31,AU,Organic,Advanced Pack
348,348,2021-02-26,US,Organic,Advanced Pack
349,349,2021-02-06,US,Ads,Advanced Pack
350,350,2021-12-09,UG,Organic,Advanced Pack
351,351,2021-07-31,US,Ads,Economy Pack
352,352,2021-03-31,NG,Ads,Advanced Pack
353,353,2021-11-24,NG,Organic,Economy Pack
354,354,2021-10-18,KE,Organic,Advanced Pack
355,355,2021-07-05,US,Organic,Advanced Pack
356,356,2021-01-04,NG,Ads,Advanced Pack
357,357,2021-01-06,NG,Organic,Economy Pack
358,358,2021-03-22,US,Ads,Advanced Pack
359,359,2021-12-26,US,Ads,Economy Pack
360,360,2021-05-06,KE,Organic,Advanced Pack
361,361,2021-07-09,KE,Ads,Economy Pack
362,362,2021-05-20,UG,Ads,Economy Pack
363,363,2021-10-31,AU,Ads,Advanced Pack
364,364,2021-02-17,AU,Organic,Advanced Pack
365,365,2021-06-29,NG,Ads,Advanced Pack
366,366,2021-08-25,US,Organic,Economy Pack
367,367,2021-12-18,KE,Ads,Advanced Pack
368,368,2021-06-19,UG,Ads,Advanced Pack
369,369,2021-03-20,US,Organic,Economy Pack
370,370,2021-02-13,KE,Ads,Advanced Pack
371,371,2021-01-26,US,Organic,Advanced Pack
372,372,2021-12-26,KE,Ads,Economy Pack
373,373,2021-04-27,UG,Organic,Advanced Pack
374,374,2021-02-03,US,Ads,Economy Pack
375,375,2021-01-01,KE,Organic,Economy Pack
376,376,2021-08-29,UG,Ads,Economy Pack
377,377,2021-11-18,NG,Ads,Economy Pack
378,378,2021-03-14,US,Organic,Economy Pack
379,379,2021-01-09,NG,Organic,Advanced Pack
380,380,2021-09-02,US,Organic,Advanced Pack
381,381,2021-06-02,UG,Organic,Economy Pack
382,382,2021-10-11,NG,Organic,Economy Pack
383,383,2021-11-17,UG,Ads,Economy Pack
384,384,2021-11-10,US,Ads,Advanced Pack
385,385,2021-12-10,US,Organic,Advanced Pack
386,386,2021-09-26,US,Ads,Advanced Pack
387,387,2021-06-18,NG,Ads,Advanced Pack
388,388,2021-05-18,KE,Ads,Economy Pack
389,389,2021-06-22,AU,Organic,Advanced Pack
390,390,2021-07-10,NG,Ads,Advanced Pack
391,391,2021-09-29,KE,Ads,Advanced Pack
392,392,2021-07-08,US,Ads,Advanced Pack
393,393,2021-11-26,NG,Ads,Advanced Pack
394,394,2021-09-26,AU,Ads,Advanced Pack
395,395,2021-02-14,US,Organic,Economy Pack
396,396,2021-11-20,AU,Ads,Economy Pack
397,397,2021-10-18,KE,Ads,Advanced Pack
398,398,2021-02-04,US,Organic,Economy Pack
399,399,2021-09-29,US,Ads,Economy Pack
400,400,2021-02-05,UG,Organic,Economy Pack
401,401,2021-12-22,US,Organic,Economy Pack
402,402,2021-05-23,NG,Ads,Advanced Pack
403,403,2021-11-02,KE,Organic,Economy Pack
404,404,2021-09-21,AU,Ads,Economy Pack
405,405,2021-05-26,AU,Ads,Economy Pack
406,406,2021-11-02,KE,Organic,Advanced Pack
407,407,2021-09-12,KE,Ads,Advanced Pack
408,408,2021-01-30,US,Ads,Economy Pack
409,409,2021-09-07,KE,Organic,Advanced Pack
410,410,2021-12-07,UG,Organic,Economy Pack
411,411,2021-10-29,AU,Organic,Advanced Pack
412,412,2021-07-11,UG,Organic,Advanced Pack
413,413,2021-10-07,UG,Organic,Economy Pack
414,414,2021-05-09,AU,Ads,Advanced Pack
415,415,2021-07-26,KE,Ads,Economy Pack
416,416,2021-03-15,NG,Ads,Economy Pack
417,417,2021-08-22,KE,Ads,Advanced Pack
418,418,2021-02-01,AU,Ads,Economy Pack
419,419,2021-08-24,AU,Organic,Economy Pack
420,420,2021-11-11,UG,Ads,Advanced Pack
421,421,2021-01-03,KE,Organic,Advanced Pack
422,422,2021-07-13,NG,Ads,Advanced Pack
423,423,2021-07-11,AU,Ads,Advanced Pack
424,424,2021-02-03,AU,Organic,Advanced Pack
425,425,2021-04-15,AU,Ads,Advanced Pack
426,426,2021-05-28,AU,Ads,Advanced Pack
427,427,2021-03-04,KE,Organic,Advanced Pack
428,428,2021-08-15,NG,Organic,Economy Pack
429,429,2021-03-12,US,Ads,Economy Pack
430,430,2021-08-28,KE,Ads,Advanced Pack
431,431,2021-10-24,NG,Ads,Economy Pack
432,432,2021-04-06,US,Ads,Economy Pack
433,433,2021-08-07,UG,Ads,Advanced Pack
434,434,2021-07-07,US,Organic,Advanced Pack
435,435,2021-02-25,US,Organic,Advanced Pack
436,436,2021-08-05,NG,Organic,Advanced Pack
437,437,2021-06-10,KE,Organic,Economy Pack
438,438,2021-10-18,UG,Organic,Advanced Pack
439,439,2021-03-22,UG,Organic,Economy Pack
440,440,2021-12-30,NG,Ads,Advanced Pack
441,441,2021-05-01,NG,Ads,Advanced Pack
442,442,2021-11-02,AU,Organic,Economy Pack
443,443,2021-02-10,NG,Organic,Advanced Pack
444,444,2021-03-30,UG,Organic,Advanced Pack
445,445,2021-11-05,NG,Ads,Advanced Pack
446,446,2021-11-25,KE,Ads,Advanced Pack
447,447,2021-10-19,NG,Ads,Economy Pack
448,448,2021-05-14,US,Ads,Advanced Pack
449,449,2021-07-07,US,Organic,Advanced Pack
450,450,2021-06-10,NG,Ads,Economy Pack
451,451,2021-03-30,AU,Ads,Advanced Pack
452,452,2021-08-27,UG,Organic,Economy Pack
453,453,2021-10-17,AU,Organic,Advanced Pack
454,454,2021-05-10,US,Ads,Advanced Pack
455,455,2021-06-25,AU,Organic,Economy Pack
456,456,2021-04-08,UG,Ads,Advanced Pack
457,457,2021-04-30,UG,Ads,Economy Pack
458,458,2021-02-01,NG,Organic,Advanced Pack
459,459,2021-06-07,NG,Ads,Economy Pack
460,460,2021-03-04,AU,Organic,Economy Pack
461,461,2021-01-06,KE,Ads,Economy Pack
462,462,2021-09-23,US,Ads,Advanced Pack
463,463,2021-06-15,US,Organic,Economy Pack
464,464,2021-05-21,KE,Organic,Advanced Pack
465,465,2021-08-24,KE,Organic,Advanced Pack
466,466,2021-02-16,NG,Ads,Economy Pack
467,467,2021-12-07,UG,Ads,Economy Pack
468,468,2021-06-23,US,Organic,Economy Pack
469,469,2021-11-01,KE,Organic,Economy Pack
470,470,2021-03-09,US,Organic,Advanced Pack
471,471,2021-05-17,AU,Organic,Economy Pack
472,472,2021-01-15,KE,Ads,Advanced Pack
473,473,2021-05-17,AU,Ads,Advanced Pack
474,474,2021-01-08,AU,Organic,Economy Pack
475,475,2021-06-24,US,Ads,Advanced Pack
476,476,2021-09-04,NG,Organic,Economy Pack
477,477,2021-07-12,NG,Organic,Advanced Pack
478,478,2021-04-22,AU,Organic,Economy Pack
479,479,2021-06-19,KE,Organic,Economy Pack
480,480,2021-05-04,UG,Ads,Economy Pack
481,481,2021-03-01,UG,Ads,Economy Pack
482,482,2021-08-09,NG,Organic,Advanced Pack
483,483,2021-08-13,UG,Organic,Economy Pack
484,484,2021-04-17,US,Organic,Economy Pack
485,485,2021-05-10,US,Ads,Economy Pack
486,486,2021-09-14,NG,Organic,Economy Pack
487,487,2021-01-03,KE,Ads,Economy Pack
488,488,2021-07-08,AU,Organic,Economy Pack
489,489,2021-10-20,AU,Organic,Advanced Pack
490,490,2021-03-17,US,Ads,Economy Pack
491,491,2021-10-05,US,Ads,Economy Pack
492,492,2021-06-02,NG,Ads,Advanced Pack
493,493,2021-11-11,NG,Ads,Advanced Pack
494,494,2021-07-30,AU,Organic,Economy Pack
495,495,2021-09-12,US,Ads,Advanced Pack
496,496,2021-12-10,NG,Ads,Advanced Pack
497,497,2021-12-30,KE,Organic,Economy Pack
498,498,2021-07-21,NG,Organic,Advanced Pack
499,499,2021-11-27,US,Ads,Economy Pack
500,500,2021-12-29,AU,Ads,Advanced Pack
501,501,2021-12-12,US,Ads,Economy Pack
502,502,2021-12-15,KE,Organic,Economy Pack
503,503,2021-07-08,UG,Ads,Economy Pack
504,504,2021-07-25,NG,Organic,Advanced Pack
505,505,2021-09-30,KE,Ads,Advanced Pack
506,506,2021-05-22,KE,Organic,Economy Pack
507,507,2021-12-18,NG,Organic,Advanced Pack
508,508,2021-06-09,AU,Ads,Advanced Pack
509,509,2021-06-10,US,Ads,Economy Pack
510,510,2021-04-02,UG,Ads,Economy Pack
511,511,2021-07-17,AU,Organic,Economy Pack
512,512,2021-01-14,NG,Organic,Advanced Pack
513,513,2021-04-17,NG,Organic,Economy Pack
514,514,2021-10-17,AU,Organic,Advanced Pack
515,515,2021-02-25,US,Organic,Economy Pack
516,516,2021-02-12,NG,Ads,Economy Pack
517,517,2021-01-30,KE,Ads,Economy Pack
518,518,2021-01-08,UG,Organic,Advanced Pack
519,519,2021-10-26,NG,Ads,Economy Pack
520,520,2021-09-27,AU,Ads,Economy Pack
521,521,2021-06-09,AU,Ads,Advanced Pack
522,522,2021-09-11,US,Organic,Advanced Pack
523,523,2021-05-29,KE,Ads,Economy Pack
524,524,2021-07-30,AU,Ads,Advanced Pack
525,525,2021-05-09,US,Organic,Economy Pack
526,526,2021-05-22,US,Organic,Advanced Pack
527,527,2021-06-30,AU,Ads,Economy Pack
528,528,2021-09-07,US,Organic,Advanced Pack
529,529,2021-05-18,NG,Organic,Economy Pack
530,530,2021-03-18,AU,Ads,Advanced Pack
531,531,2021-05-18,KE,Organic,Advanced Pack
532,532,2021-11-17,UG,Ads,Advanced Pack
533,533,2021-12-30,AU,Ads,Economy Pack
534,534,2021-07-25,NG,Organic,Economy Pack
535,535,2021-07-03,UG,Ads,Economy Pack
536,536,2021-07-25,UG,Ads,Advanced Pack
537,537,2021-12-10,US,Ads,Economy Pack
538,538,2021-08-03,NG,Organic,Economy Pack
539,539,2021-10-29,KE,Organic,Economy Pack
540,540,2021-09-04,KE,Ads,Advanced Pack
541,541,2021-02-05,AU,Ads,Advanced Pack
542,542,2021-07-08,NG,Ads,Advanced Pack
543,543,2021-09-23,NG,Ads,Economy Pack
544,544,2021-11-17,NG,Ads,Economy Pack
545,545,2021-04-17,UG,Organic,Economy Pack
546,546,2021-10-29,AU,Ads,Economy Pack
547,547,2021-02-06,KE,Ads,Economy Pack
548,548,2021-10-24,US,Ads,Advanced Pack
549,549,2021-04-14,UG,Organic,Advanced Pack
550,550,2021-04-15,UG,Organic,Economy Pack
551,551,2021-12-25,UG,Ads,Economy Pack
552,552,2021-02-22,UG,Ads,Advanced Pack
553,553,2021-10-09,AU,Organic,Economy Pack
554,554,2021-05-19,US,Organic,Advanced Pack
555,555,2021-08-13,AU,Ads,Economy Pack
556,556,2021-06-15,NG,Organic,Economy Pack
557,557,2021-01-01,UG,Ads,Economy Pack
558,558,2021-11-30,US,Organic,Advanced Pack
559,559,2021-03-30,AU,Ads,Economy Pack
560,560,2021-08-18,NG,Ads,Advanced Pack
561,561,2021-07-06,US,Ads,Economy Pack
562,562,2021-12-17,AU,Organic,Advanced Pack
563,563,2021-03-05,AU,Ads,Economy Pack
564,564,2021-08-26,AU,Organic,Advanced Pack
565,565,2021-02-10,AU,Ads,Advanced Pack
566,566,2021-08-16,US,Organic,Economy Pack
567,567,2021-11-08,AU,Organic,Economy Pack
568,568,2021-07-13,AU,Organic,Economy Pack
569,569,2021-01-20,UG,Organic,Economy Pack
570,570,2021-01-29,NG,Organic,Advanced Pack
571,571,2021-01-13,US,Organic,Economy Pack
572,572,2021-07-18,KE,Ads,Economy Pack
573,573,2021-10-04,KE,Ads,Economy Pack
574,574,2021-04-23,NG,Organic,Advanced Pack
575,575,2021-10-19,NG,Organic,Economy Pack
576,576,2021-07-10,NG,Organic,Economy Pack
577,577,2021-03-17,AU,Organic,Economy Pack
578,578,2021-12-10,NG,Organic,Economy Pack
579,579,2021-11-04,NG,Ads,Advanced Pack
580,580,2021-12-10,AU,Organic,Economy Pack
581,581,2021-02-16,AU,Ads,Economy Pack
582,582,2021-06-09,US,Ads,Economy Pack
583,583,2021-03-27,KE,Ads,Advanced Pack
584,584,2021-05-20,KE,Organic,Economy Pack
585,585,2021-06-17,UG,Organic,Advanced Pack
586,586,2021-05-11,NG,Organic,Economy Pack
587,587,2021-09-10,NG,Ads,Economy Pack
588,588,2021-04-11,UG,Ads,Advanced Pack
589,589,2021-03-17,AU,Ads,Advanced Pack
590,590,2021-05-16,NG,Organic,Economy Pack
591,591,2021-07-09,KE,Organic,Economy Pack
592,592,2021-12-26,AU,Ads,Economy Pack
593,593,2021-07-01,KE,Ads,Economy Pack
594,594,2021-12-13,AU,Organic,Advanced Pack
595,595,2021-05-19,KE,Organic,Economy Pack
596,596,2021-07-25,KE,Ads,Economy Pack
597,597,2021-11-23,AU,Ads,Advanced Pack
598,598,2021-07-13,AU,Ads,Economy Pack
599,599,2021-10-19,KE,Organic,Economy Pack
600,600,2021-03-04,UG,Organic,Economy Pack
601,601,2021-02-09,UG,Ads,Advanced Pack
602,602,2021-08-01,NG,Organic,Economy Pack
603,603,2021-12-27,KE,Ads,Advanced Pack
604,604,2021-11-06,KE,Ads,Economy Pack
605,605,2021-02-12,KE,Ads,Advanced Pack
606,606,2021-04-05,US,Ads,Economy Pack
607,607,2021-05-21,KE,Organic,Advanced Pack
608,608,2021-11-03,UG,Ads,Economy Pack
609,609,2021-11-13,AU,Organic,Advanced Pack
610,610,2021-08-08,NG,Organic,Advanced Pack
611,611,2021-08-30,AU,Organic,Economy Pack
612,612,2021-08-27,NG,Organic,Advanced Pack
613,613,2021-05-24,AU,Organic,Advanced Pack
614,614,2021-12-22,KE,Ads,Economy Pack
615,615,2021-06-29,AU,Ads,Economy Pack
616,616,2021-05-26,US,Organic,Advanced Pack
617,617,2021-05-24,US,Ads,Economy Pack
618,618,2021-12-10,KE,Organic,Economy Pack
619,619,2021-05-09,NG,Organic,Economy Pack
620,620,2021-03-16,UG,Organic,Economy Pack
621,621,2021-01-19,KE,Organic,Advanced Pack
622,622,2021-10-21,AU,Organic,Economy Pack
623,623,2021-03-21,US,Ads,Economy Pack
624,624,2021-02-02,AU,Ads,Economy Pack
625,625,2021-05-08,US,Organic,Economy Pack
626,626,2021-04-24,NG,Organic,Economy Pack
627,627,2021-01-08,AU,Ads,Advanced Pack
628,628,2021-02-11,KE,Ads,Economy Pack
629,629,2021-07-25,US,Ads,Economy Pack
630,630,2021-06-23,KE,Ads,Economy Pack
631,631,2021-10-26,US,Ads,Economy Pack
632,632,2021-01-11,KE,Ads,Advanced Pack
633,633,2021-04-01,UG,Organic,Advanced Pack
634,634,2021-06-05,AU,Organic,Economy Pack
635,635,2021-03-07,NG,Ads,Economy Pack
636,636,2021-02-22,NG,Organic,Economy Pack
637,637,2021-07-10,UG,Ads,Economy Pack
638,638,2021-04-07,UG,Ads,Economy Pack
639,639,2021-07-29,UG,Organic,Advanced Pack
640,640,2021-11-01,KE,Ads,Advanced Pack
641,641,2021-03-14,KE,Ads,Advanced Pack
642,642,2021-05-22,UG,Ads,Economy Pack
643,643,2021-03-13,AU,Ads,Economy Pack
644,644,2021-04-16,NG,Organic,Economy Pack
645,645,2021-03-21,NG,Organic,Economy Pack
646,646,2021-02-01,AU,Ads,Economy Pack
647,647,2021-01-19,AU,Organic,Advanced Pack
648,648,2021-11-21,UG,Ads,Advanced Pack
649,649,2021-02-22,UG,Ads,Economy Pack
650,650,2021-12-12,KE,Ads,Advanced Pack
651,651,2021-02-24,UG,Ads,Economy Pack
652,652,2021-01-16,UG,Ads,Advanced Pack
653,653,2021-01-30,NG,Ads,Economy Pack
654,654,2021-04-03,UG,Ads,Advanced Pack
655,655,2021-04-17,NG,Ads,Economy Pack
656,656,2021-03-30,US,Ads,Economy Pack
657,657,2021-06-28,UG,Organic,Economy Pack
658,658,2021-01-29,US,Ads,Economy Pack
659,659,2021-05-21,AU,Ads,Economy Pack
660,660,2021-12-10,UG,Organic,Economy Pack
661,661,2021-12-02,NG,Organic,Economy Pack
662,662,2021-02-11,AU,Organic,Economy Pack
663,663,2021-12-17,KE,Ads,Economy Pack
664,664,2021-06-12,AU,Organic,Economy Pack
665,665,2021-12-14,AU,Organic,Economy Pack
666,666,2021-01-05,AU,Organic,Economy Pack
667,667,2021-04-08,AU,Ads,Advanced Pack
668,668,2021-06-07,KE,Organic,Economy Pack
669,669,2021-09-11,UG,Organic,Economy Pack
670,670,2021-09-08,NG,Organic,Advanced Pack
671,671,2021-10-08,KE,Ads,Economy Pack
672,672,2021-11-24,KE,Organic,Economy Pack
673,673,2021-09-25,KE,Ads,Advanced Pack
674,674,2021-11-16,AU,Organic,Economy Pack
675,675,2021-01-06,KE,Organic,Economy Pack
676,676,2021-09-25,US,Organic,Advanced Pack
677,677,2021-02-19,NG,Ads,Economy Pack
678,678,2021-01-08,KE,Organic,Advanced Pack
679,679,2021-04-25,KE,Ads,Advanced Pack
680,680,2021-07-09,NG,Ads,Advanced Pack
681,681,2021-02-21,KE,Ads,Economy Pack
682,682,2021-01-24,NG,Organic,Advanced Pack
683,683,2021-12-24,NG,Ads,Advanced Pack
684,684,2021-05-03,UG,Ads,Economy Pack
685,685,2021-09-27,UG,Ads,Advanced Pack
686,686,2021-11-12,AU,Organic,Economy Pack
687,687,2021-10-17,KE,Ads,Economy Pack
688,688,2021-04-29,US,Ads,Economy Pack
689,689,2021-12-15,KE,Organic,Economy Pack
690,690,2021-05-06,AU,Ads,Economy Pack
691,691,2021-08-26,KE,Ads,Advanced Pack
692,692,2021-01-07,AU,Organic,Advanced Pack
693,693,2021-08-19,UG,Organic,Advanced Pack
694,694,2021-08-16,KE,Organic,Advanced Pack
695,695,2021-08-21,AU,Ads,Economy Pack
696,696,2021-10-16,NG,Ads,Economy Pack
697,697,2021-01-29,US,Ads,Economy Pack
698,698,2021-12-17,UG,Organic,Advanced Pack
699,699,2021-02-22,KE,Ads,Economy Pack
700,700,2021-02-19,US,Ads,Economy Pack
701,701,2021-11-29,KE,Organic,Economy Pack
702,702,2021-05-07,US,Ads,Economy Pack
703,703,2021-01-12,AU,Ads,Economy Pack
704,704,2021-05-07,AU,Organic,Advanced Pack
705,705,2021-04-22,NG,Ads,Economy Pack
706,706,2021-04-05,US,Organic,Advanced Pack
707,707,2021-09-08,NG,Organic,Advanced Pack
708,708,2021-07-24,KE,Organic,Economy Pack
709,709,2021-03-20,AU,Organic,Economy Pack
710,710,2021-10-22,NG,Ads,Advanced Pack
711,711,2021-01-27,KE,Ads,Economy Pack
712,712,2021-11-06,AU,Ads,Advanced Pack
713,713,2021-12-14,AU,Ads,Advanced Pack
714,714,2021-09-29,NG,Organic,Economy Pack
715,715,2021-06-18,NG,Organic,Economy Pack
716,716,2021-01-23,KE,Organic,Economy Pack
717,717,2021-04-16,NG,Ads,Economy Pack
718,718,2021-07-12,UG,Ads,Economy Pack
719,719,2021-04-06,UG,Ads,Economy Pack
720,720,2021-06-18,AU,Organic,Economy Pack
721,721,2021-03-26,KE,Ads,Economy Pack
722,722,2021-02-24,US,Organic,Advanced Pack
723,723,2021-06-14,US,Organic,Advanced Pack
724,724,2021-06-15,AU,Organic,Advanced Pack
725,725,2021-05-22,UG,Organic,Advanced Pack
726,726,2021-12-28,KE,Organic,Advanced Pack
727,727,2021-12-12,KE,Ads,Economy Pack
728,728,2021-10-21,UG,Ads,Advanced Pack
729,729,2021-12-15,US,Ads,Advanced Pack
730,730,2021-09-26,US,Ads,Economy Pack
731,731,2021-10-05,UG,Organic,Economy Pack
732,732,2021-12-03,AU,Organic,Advanced Pack
733,733,2021-06-02,UG,Organic,Economy Pack
734,734,2021-01-08,NG,Ads,Economy Pack
735,735,2021-08-19,US,Ads,Advanced Pack
736,736,2021-03-09,NG,Ads,Advanced Pack
737,737,2021-06-04,UG,Ads,Advanced Pack
738,738,2021-04-06,AU,Ads,Advanced Pack
739,739,2021-08-04,KE,Ads,Advanced Pack
740,740,2021-08-02,UG,Ads,Economy Pack
741,741,2021-04-22,US,Organic,Economy Pack
742,742,2021-05-22,AU,Organic,Economy Pack
743,743,2021-01-17,UG,Organic,Advanced Pack
744,744,2021-08-22,NG,Organic,Economy Pack
745,745,2021-05-10,KE,Ads,Advanced Pack
746,746,2021-12-03,KE,Organic,Advanced Pack
747,747,2021-07-08,UG,Organic,Advanced Pack
748,748,2021-12-06,NG,Organic,Economy Pack
749,749,2021-08-21,US,Organic,Economy Pack
750,750,2021-12-20,KE,Ads,Advanced Pack
751,751,2021-02-21,UG,Organic,Advanced Pack
752,752,2021-09-30,US,Ads,Economy Pack
753,753,2021-04-17,AU,Organic,Economy Pack
754,754,2021-11-16,NG,Organic,Economy Pack
755,755,2021-03-16,KE,Organic,Advanced Pack
756,756,2021-11-27,AU,Ads,Advanced Pack
757,757,2021-10-26,UG,Ads,Advanced Pack
758,758,2021-06-24,UG,Ads,Economy Pack
759,759,2021-07-25,NG,Organic,Advanced Pack
760,760,2021-01-10,KE,Ads,Advanced Pack
761,761,2021-07-14,NG,Ads,Economy Pack
762,762,2021-12-06,UG,Ads,Economy Pack
763,763,2021-11-08,KE,Ads,Economy Pack
764,764,2021-01-27,AU,Ads,Economy Pack
765,765,2021-05-22,US,Organic,Economy Pack
766,766,2021-11-22,NG,Ads,Economy Pack
767,767,2021-09-19,KE,Organic,Advanced Pack
768,768,2021-08-25,UG,Ads,Advanced Pack
769,769,2021-07-26,AU,Ads,Economy Pack
770,770,2021-07-02,NG,Organic,Economy Pack
771,771,2021-01-27,UG,Organic,Economy Pack
772,772,2021-02-20,NG,Ads,Economy Pack
773,773,2021-07-12,KE,Ads,Advanced Pack
774,774,2021-09-16,AU,Organic,Economy Pack
775,775,2021-02-06,AU,Organic,Economy Pack
776,776,2021-08-15,NG,Ads,Advanced Pack
777,777,2021-10-29,KE,Ads,Economy Pack
778,778,2021-06-08,NG,Organic,Economy Pack
779,779,2021-05-16,AU,Ads,Economy Pack
780,780,2021-11-22,KE,Ads,Economy Pack
781,781,2021-10-07,KE,Ads,Economy Pack
782,782,2021-07-25,NG,Ads,Economy Pack
783,783,2021-04-23,AU,Ads,Economy Pack
784,784,2021-08-15,KE,Ads,Economy Pack
785,785,2021-11-28,NG,Organic,Economy Pack
786,786,2021-08-09,AU,Organic,Advanced Pack
787,787,2021-06-03,KE,Ads,Economy Pack
788,788,2021-09-18,US,Ads,Economy Pack
789,789,2021-03-26,KE,Ads,Economy Pack
790,790,2021-02-25,UG,Organic,Advanced Pack
791,791,2021-02-24,US,Ads,Advanced Pack
792,792,2021-06-13,UG,Ads,Economy Pack
793,793,2021-10-23,AU,Ads,Advanced Pack
794,794,2021-04-15,AU,Organic,Economy Pack
795,795,2021-01-06,UG,Organic,Economy Pack
796,796,2021-03-29,KE,Ads,Economy Pack
797,797,2021-09-27,UG,Organic,Economy Pack
798,798,2021-08-20,KE,Organic,Economy Pack
799,799,2021-12-01,US,Organic,Advanced Pack
800,800,2021-05-24,UG,Organic,Advanced Pack
801,801,2021-05-14,KE,Ads,Advanced Pack
802,802,2021-11-04,UG,Organic,Advanced Pack
803,803,2021-01-31,US,Ads,Economy Pack
804,804,2021-01-08,NG,Organic,Advanced Pack
805,805,2021-04-02,US,Organic,Economy Pack
806,806,2021-01-18,KE,Ads,Advanced Pack
807,807,2021-09-02,UG,Ads,Economy Pack
808,808,2021-09-07,US,Ads,Advanced Pack
809,809,2021-06-03,NG,Ads,Economy Pack
810,810,2021-02-14,KE,Ads,Economy Pack
811,811,2021-04-04,AU,Organic,Advanced Pack
812,812,2021-02-16,US,Ads,Advanced Pack
813,813,2021-06-24,NG,Organic,Economy Pack
814,814,2021-08-14,NG,Organic,Economy Pack
815,815,2021-03-01,AU,Organic,Economy Pack
816,816,2021-07-18,US,Organic,Advanced Pack
817,817,2021-01-21,KE,Ads,Economy Pack
818,818,2021-04-06,AU,Organic,Advanced Pack
819,819,2021-06-25,AU,Organic,Advanced Pack
820,820,2021-11-09,UG,Ads,Advanced Pack
821,821,2021-10-16,UG,Ads,Advanced Pack
822,822,2021-05-15,US,Organic,Advanced Pack
823,823,2021-08-26,US,Ads,Advanced Pack
824,824,2021-02-15,US,Organic,Economy Pack
825,825,2021-11-23,UG,Organic,Economy Pack
826,826,2021-02-22,NG,Organic,Advanced Pack
827,827,2021-11-04,UG,Organic,Economy Pack
828,828,2021-01-31,AU,Organic,Economy Pack
829,829,2021-12-11,UG,Organic,Economy Pack
830,830,2021-07-13,UG,Ads,Advanced Pack
831,831,2021-08-01,UG,Ads,Advanced Pack
832,832,2021-01-28,UG,Organic,Advanced Pack
833,833,2021-07-05,US,Ads,Economy Pack
834,834,2021-10-03,US,Ads,Advanced Pack
835,835,2021-12-07,UG,Organic,Economy Pack
836,836,2021-10-20,US,Organic,Advanced Pack
837,837,2021-10-14,KE,Ads,Advanced Pack
838,838,2021-04-30,KE,Ads,Advanced Pack
839,839,2021-12-15,NG,Ads,Advanced Pack
840,840,2021-01-28,AU,Organic,Advanced Pack
841,841,2021-09-08,UG,Ads,Economy Pack
842,842,2021-08-27,NG,Organic,Advanced Pack
843,843,2021-06-19,AU,Ads,Economy Pack
844,844,2021-07-22,KE,Organic,Economy Pack
845,845,2021-04-07,NG,Organic,Advanced Pack
846,846,2021-05-15,KE,Ads,Economy Pack
847,847,2021-12-11,AU,Organic,Economy Pack
848,848,2021-09-07,AU,Organic,Advanced Pack
849,849,2021-12-13,UG,Ads,Economy Pack
850,850,2021-08-02,UG,Ads,Economy Pack
851,851,2021-08-15,AU,Organic,Economy Pack
852,852,2021-06-06,AU,Organic,Advanced Pack
853,853,2021-03-31,AU,Organic,Economy Pack
854,854,2021-06-26,NG,Organic,Economy Pack
855,855,2021-03-22,NG,Organic,Economy Pack
856,856,2021-10-28,AU,Ads,Economy Pack
857,857,2021-04-01,KE,Organic,Advanced Pack
858,858,2021-08-23,UG,Ads,Economy Pack
859,859,2021-04-23,UG,Ads,Advanced Pack
860,860,2021-06-14,UG,Organic,Advanced Pack
861,861,2021-09-27,US,Ads,Economy Pack
862,862,2021-10-30,UG,Organic,Economy Pack
863,863,2021-09-27,KE,Organic,Economy Pack
864,864,2021-11-28,US,Ads,Economy Pack
865,865,2021-04-21,KE,Organic,Advanced Pack
866,866,2021-01-11,US,Ads,Advanced Pack
867,867,2021-04-15,AU,Ads,Advanced Pack
868,868,2021-09-29,UG,Ads,Advanced Pack
869,869,2021-05-18,NG,Organic,Economy Pack
870,870,2021-03-19,AU,Ads,Economy Pack
871,871,2021-02-20,US,Ads,Economy Pack
872,872,2021-02-27,AU,Ads,Economy Pack
873,873,2021-09-28,US,Ads,Economy Pack
874,874,2021-06-22,KE,Ads,Economy Pack
875,875,2021-01-08,AU,Ads,Advanced Pack
876,876,2021-06-25,KE,Ads,Advanced Pack
877,877,2021-02-26,AU,Ads,Economy Pack
878,878,2021-09-21,UG,Ads,Economy Pack
879,879,2021-12-13,NG,Organic,Advanced Pack
880,880,2021-03-10,US,Organic,Economy Pack
881,881,2021-05-22,NG,Ads,Economy Pack
882,882,2021-12-15,AU,Organic,Economy Pack
883,883,2021-12-14,KE,Ads,Advanced Pack
884,884,2021-07-28,US,Ads,Economy Pack
885,885,2021-09-28,US,Ads,Economy Pack
886,886,2021-08-01,NG,Ads,Economy Pack
887,887,2021-07-27,KE,Organic,Economy Pack
888,888,2021-03-16,AU,Organic,Advanced Pack
889,889,2021-04-07,KE,Organic,Economy Pack
890,890,2021-03-19,US,Organic,Economy Pack
891,891,2021-02-11,UG,Ads,Economy Pack
892,892,2021-03-09,NG,Ads,Advanced Pack
893,893,2021-07-09,UG,Organic,Advanced Pack
894,894,2021-04-06,US,Organic,Advanced Pack
895,895,2021-08-08,UG,Organic,Economy Pack
896,896,2021-11-21,NG,Ads,Advanced Pack
897,897,2021-11-29,KE,Organic,Economy Pack
898,898,2021-04-30,US,Ads,Advanced Pack
899,899,2021-04-03,KE,Ads,Advanced Pack
900,900,2021-02-11,UG,Ads,Economy Pack
901,901,2021-03-03,US,Ads,Advanced Pack
902,902,2021-11-10,AU,Organic,Advanced Pack
903,903,2021-04-17,AU,Ads,Advanced Pack
904,904,2021-05-22,AU,Organic,Advanced Pack
905,905,2021-04-27,KE,Ads,Advanced Pack
906,906,2021-12-15,NG,Ads,Advanced Pack
907,907,2021-05-04,NG,Organic,Advanced Pack
908,908,2021-01-12,KE,Organic,Advanced Pack
909,909,2021-08-30,US,Ads,Advanced Pack
910,910,2021-11-30,US,Organic,Advanced Pack
911,911,2021-08-11,NG,Organic,Economy Pack
912,912,2021-05-03,AU,Organic,Economy Pack
913,913,2021-12-19,NG,Organic,Advanced Pack
914,914,2021-07-03,US,Organic,Advanced Pack
915,915,2021-04-13,KE,Ads,Advanced Pack
916,916,2021-01-08,UG,Organic,Advanced Pack
917,917,2021-11-01,US,Ads,Economy Pack
918,918,2021-06-23,UG,Organic,Advanced Pack
919,919,2021-06-22,KE,Organic,Advanced Pack
920,920,2021-10-03,US,Organic,Advanced Pack
921,921,2021-09-27,KE,Ads,Advanced Pack
922,922,2021-04-16,AU,Ads,Advanced Pack
923,923,2021-05-09,AU,Ads,Advanced Pack
924,924,2021-09-02,NG,Organic,Economy Pack
925,925,2021-10-12,US,Ads,Advanced Pack
926,926,2021-05-20,NG,Organic,Economy Pack
927,927,2021-03-02,US,Organic,Advanced Pack
928,928,2021-11-08,AU,Ads,Advanced Pack
929,929,2021-05-13,KE,Ads,Economy Pack
930,930,2021-11-18,US,Organic,Advanced Pack
931,931,2021-03-23,NG,Organic,Economy Pack
932,932,2021-11-11,US,Ads,Advanced Pack
933,933,2021-11-14,KE,Organic,Economy Pack
934,934,2021-09-27,US,Ads,Economy Pack
935,935,2021-08-17,KE,Ads,Advanced Pack
936,936,2021-03-23,NG,Organic,Advanced Pack
937,937,2021-05-01,AU,Ads,Advanced Pack
938,938,2021-05-07,AU,Organic,Economy Pack
939,939,2021-03-28,KE,Ads,Economy Pack
940,940,2021-11-19,KE,Organic,Economy Pack
941,941,2021-04-29,AU,Ads,Economy Pack
942,942,2021-09-02,US,Ads,Advanced Pack
943,943,2021-03-11,AU,Ads,Economy Pack
944,944,2021-01-18,NG,Organic,Economy Pack
945,945,2021-05-07,US,Ads,Economy Pack
946,946,2021-08-12,AU,Organic,Advanced Pack
947,947,2021-12-23,US,Ads,Advanced Pack
948,948,2021-06-06,AU,Ads,Economy Pack
949,949,2021-06-12,KE,Organic,Advanced Pack
950,950,2021-11-06,US,Ads,Economy Pack
951,951,2021-08-28,KE,Organic,Advanced Pack
952,952,2021-12-13,AU,Ads,Economy Pack
953,953,2021-06-23,UG,Organic,Economy Pack
954,954,2021-01-08,UG,Organic,Economy Pack
955,955,2021-06-10,NG,Organic,Advanced Pack
956,956,2021-09-25,US,Organic,Advanced Pack
957,957,2021-08-09,NG,Ads,Economy Pack
958,958,2021-05-19,KE,Organic,Economy Pack
959,959,2021-06-18,US,Ads,Advanced Pack
960,960,2021-11-25,US,Organic,Advanced Pack
961,961,2021-08-15,KE,Ads,Economy Pack
962,962,2021-04-11,AU,Organic,Advanced Pack
963,963,2021-02-16,US,Organic,Advanced Pack
964,964,2021-04-16,AU,Ads,Economy Pack
965,965,2021-08-27,US,Ads,Advanced Pack
966,966,2021-12-19,US,Organic,Advanced Pack
967,967,2021-11-17,NG,Ads,Advanced Pack
968,968,2021-03-12,NG,Organic,Advanced Pack
969,969,2021-03-11,AU,Ads,Economy Pack
970,970,2021-11-08,UG,Organic,Economy Pack
971,971,2021-06-22,KE,Organic,Advanced Pack
972,972,2021-07-04,UG,Organic,Economy Pack
973,973,2021-11-21,UG,Organic,Economy Pack
974,974,2021-06-10,UG,Organic,Economy Pack
975,975,2021-10-12,NG,Ads,Economy Pack
976,976,2021-01-27,AU,Organic,Advanced Pack
977,977,2021-05-03,UG,Organic,Advanced Pack
978,978,2021-01-26,KE,Organic,Economy Pack
979,979,2021-09-11,NG,Ads,Advanced Pack
980,980,2021-10-15,NG,Ads,Economy Pack
981,981,2021-11-28,US,Ads,Economy Pack
982,982,2021-04-25,NG,Ads,Advanced Pack
983,983,2021-01-05,KE,Organic,Advanced Pack
984,984,2021-08-18,UG,Ads,Advanced Pack
985,985,2021-07-10,KE,Ads,Economy Pack
986,986,2021-08-31,AU,Organic,Advanced Pack
987,987,2021-02-11,UG,Organic,Advanced Pack
988,988,2021-11-05,AU,Organic,Economy Pack
989,989,2021-03-17,UG,Organic,Advanced Pack
990,990,2021-02-20,KE,Organic,Economy Pack
991,991,2021-08-20,KE,Ads,Economy Pack
992,992,2021-10-29,AU,Ads,Economy Pack
993,993,2021-11-09,US,Ads,Advanced Pack
994,994,2021-11-08,KE,Organic,Economy Pack
995,995,2021-03-29,NG,Organic,Economy Pack
996,996,2021-09-16,UG,Ads,Economy Pack
997,997,2021-11-28,NG,Organic,Economy Pack
998,998,2021-03-28,NG,Ads,Advanced Pack
999,999,2021-10-06,KE,Ads,Economy Pack
